epoch,train_loss,train_acc,test_loss,test_acc
1,1.8132785624694825,31.514,1.6294073333740235,38.68
