epoch,train_loss,train_acc,test_loss,test_acc
1,1.6511491243743897,38.356,1.5524325176239013,44.0
